{
    "name": "flare",
    "children": [{
        "name": "analytics",
        "children": [{
            "name": "cluster",
            "children": [{
                "name": "Terra",
                "size": 3938,
                "url": "http://terra.snellman.net"
            }, {
                "name": "CommunityStructure",
                "size": 3812
            }]
        }, {
            "name": "graph",
            "children": [{
                "name": "BetweennessCentrality",
                "size": 3534
            }, {
                "name": "LinkDistance",
                "size": 5731
            }, {
                "name": "MaxFlowMinCut",
                "size": 7840
            }]
        }, {
            "name": "optimization",
            "children": [{
                "name": "AspectRatioBanker",
                "size": 7074
            }]
        }]
    }, {
        "name": "animate",
        "children": [{
            "name": "Easing",
            "size": 17010
        }, {
            "name": "FunctionSequence",
            "size": 5842
        }, {
            "name": "interpolate",
            "children": [{
                "name": "ArrayInterpolator",
                "size": 1983
            }, {
                "name": "ColorInterpolator",
                "size": 2047
            }]
        }, {
            "name": "ISchedulable",
            "size": 1041
        }]
    }]
}
